arm_x,arm_y,arm_lower,arm_upper,bd3lm_x,bd3lm_y,bd3lm_lower,bd3lm_upper,mdlm_x,mdlm_y,mdlm_lower,mdlm_upper,niu_x,niu_y,niu_lower,niu_upper
1.0,28.70171878926329,27.061103257790812,30.342334320735766,1.0,26.28296593132543,25.3827629725316,27.183168890119255,1.0,26.94409209334413,25.738646731810793,28.149537454877464,1.0,28.51301925801946,27.06462237900113,29.961416137037794
1.4974874371859297,28.819290573280092,27.19405380588573,30.444527340674455,1.4974874371859297,26.37922247571992,25.48769679951868,27.27074815192116,1.4974874371859297,27.09525542737452,25.90110964180426,28.28940121294478,1.4974874371859297,28.645639154464522,27.210819224747596,30.08045908418145
1.9949748743718594,28.934521015803618,27.324507671436074,30.544534360171163,1.9949748743718594,26.474465901440027,25.591532866012844,27.35739893686721,1.9949748743718594,27.244627884279026,26.061667537540906,28.427588231017147,1.9949748743718594,28.775890370493492,27.354510249175934,30.19727049181105
2.492462311557789,29.047429508676956,27.452484246284936,30.642374771068976,2.492462311557789,26.568701977639368,25.694276941167722,27.443127014111013,2.492462311557789,27.392221249486845,26.22033220444992,28.56411029452377,2.492462311557789,28.903791512299296,27.495714058479074,30.31186896611952
2.9899497487437188,29.158035443743195,27.578002922275406,30.738067965210984,2.9899497487437188,26.661936473471577,25.79593479413694,27.527938152806215,2.9899497487437188,27.538047308427174,26.377115427960504,28.698979188893844,2.9899497487437188,29.029361186074848,27.634449258849926,30.42427311329977
3.487437185929648,29.266358212845425,27.701083091250574,30.831633334440276,3.487437185929648,26.754175158090273,25.89651219407412,27.611838122106427,3.487437185929648,27.682117846529223,26.53202899350187,28.832206699556576,3.487437185929648,29.15261799801307,27.770734456481417,30.534501539544724
3.9849246231155777,29.372417207826736,27.821744145053525,30.923090270599946,3.9849246231155777,26.845423800649087,25.996014910132892,27.69483269116528,3.9849246231155777,27.82444464922219,26.685084686503213,28.963804611941168,3.9849246231155777,29.273580554306882,27.904588257566463,30.6425728510473
4.482412060301508,29.476231820530217,27.940005475527357,31.012458165533076,4.482412060301508,26.93568817030164,26.094448711466878,27.7769276291364,4.482412060301508,27.96503950193528,26.836294292393738,29.09378471147682,4.482412060301508,29.39226746114921,28.036029268297987,30.748505654000432
4.9798994974874375,29.577821442798957,28.05588647451515,31.099756411082762,4.9798994974874375,27.024974036201556,26.191819367229705,27.858128705173407,4.9798994974874375,28.103914190097694,26.985669596602648,29.22215878359274,4.9798994974874375,29.508697324732967,28.16507609486891,30.852318554597026
5.477386934673366,29.67720546647605,28.169406533860005,31.185004399092094,5.477386934673366,27.11328716750247,26.288132646575,27.93844168842994,5.477386934673366,28.241080499138636,27.133222384559147,29.348938613718126,5.477386934673366,29.62288875125108,28.29174734347215,30.954030159030008
5.974874371859296,29.77440328340458,28.280585045405005,31.268221521404158,5.974874371859296,27.200633333358,26.38339431865639,28.01787234805961,5.974874371859296,28.37655021448731,27.278964441692438,29.47413598728218,5.974874371859296,29.73486034689646,28.416061620300628,31.053659073492295
6.472361809045226,29.86943428542764,28.389441400993235,31.349427169862047,6.472361809045226,27.28701830292177,26.477610152627495,28.096426453216043,6.472361809045226,28.510335121572915,27.422907553431717,29.597762689714113,6.472361809045226,29.84463071786204,28.538037531547264,31.151223904176813
6.969849246231155,29.962317864388318,28.49599499246779,31.428640736308846,6.969849246231155,27.37244784534741,26.570785917641942,28.174109773052876,6.969849246231155,28.642447005824657,27.565063505206194,29.71983050644312,6.969849246231155,29.95221847034073,28.65769368340498,31.246743257276478
7.467336683417085,30.053073412129706,28.60026521167176,31.50588161258765,7.467336683417085,27.456927729788546,26.66292738285336,28.25092807672373,7.467336683417085,28.772897652671737,27.70544408244507,29.840351222898406,7.467336683417085,30.057642210525454,28.775048682066696,31.340235738984212
7.964824120603015,30.141720320494894,28.70227145044824,31.581169190541548,7.964824120603015,27.5404637253988,26.754040317415374,28.32688713338223,7.964824120603015,28.901698847543358,27.844061070577546,29.95933662450917,7.964824120603015,30.160920544609134,28.890121133725334,31.431719955492934
8.462311557788944,30.22827798132697,28.802033100640312,31.654522862013625,8.462311557788944,27.623061601331802,26.84413049048161,28.401992712181993,8.462311557788944,29.028862375868723,27.980926255032823,30.076798496704622,8.462311557788944,30.262072078784687,29.00292964457381,31.521214512995563
8.959798994974875,30.31276578646902,28.899569554091066,31.72596201884697,8.959798994974875,27.704727126741172,26.93320367120569,28.476250582276656,8.959798994974875,29.154400023077034,28.11605142124011,30.19274862491396,8.959798994974875,30.36111541924504,29.11349282080505,31.608738017685027
9.457286432160803,30.395203127764137,28.994900202643592,31.795506052884683,9.457286432160803,27.78546607078054,27.02126562874124,28.54966651281984,9.457286432160803,29.278323574597497,28.249448354628605,30.30719879456639,9.457286432160803,30.458069172183105,29.221829268611973,31.694309075754237
9.954773869346733,30.47560939705541,29.08804443814098,31.863174355969843,9.954773869346733,27.865284202603533,27.108322132241888,28.622246272965178,9.954773869346733,29.40064481585931,28.38112884062751,30.420160791091106,9.954773869346733,30.552951943791808,29.327957594187495,31.77794629339612
10.452261306532662,30.554003986185933,29.17902165242632,31.928986319945544,10.452261306532662,27.94418729136377,27.19437895086126,28.693995631866283,10.452261306532662,29.521375532291678,28.511104664666036,30.53164639991732,10.452261306532662,30.645782340264066,29.431896403724537,31.859668276803596
10.949748743718592,30.63040628699879,29.267851237342704,31.99296133665488,10.949748743718592,28.022181106214884,27.27944185375298,28.764920358676786,10.949748743718592,29.640527509323803,28.639387612173373,30.641667406474234,10.949748743718592,30.736578967792802,29.533664303416025,31.93949363216958
11.447236180904522,30.704835691337077,29.354552584733224,32.055118797940935,11.447236180904522,28.099271416310494,27.363516610070672,28.835026222550315,11.447236180904522,29.75811253238489,28.765989468578734,30.750235596191043,11.447236180904522,30.82536043257094,29.633279899454877,32.017440965687
11.944723618090451,30.777311591043876,29.43914508644096,32.11547809564679,11.944723618090451,28.175463990804232,27.44660898896797,28.904318992640494,11.944723618090451,29.87414238690414,28.89092201931132,30.85736275449696,11.944723618090451,30.91214534079139,29.730761798034013,32.09352888354877
12.442211055276381,30.84785337796228,29.521648134309007,32.17405862161556,12.442211055276381,28.250764598849717,27.528724759598486,28.972804438100948,12.442211055276381,29.988628858310754,29.014197049800327,30.963060666821182,12.442211055276381,30.99695229864708,29.82612860534635,32.16777599194781
12.93969849246231,30.91648044393538,29.602081120180458,32.230879767690304,12.93969849246231,28.32517900960058,27.609869691115854,29.040488328085303,12.93969849246231,30.101583732033934,29.135826345474957,31.06734111859291,12.93969849246231,31.079799912330934,29.919398927584815,32.24020089707705
13.43718592964824,30.983212180806266,29.680463435898396,32.285960925714136,13.43718592964824,28.39871299221044,27.6900495526737,29.107376431747184,13.43718592964824,30.213018793502886,29.255821691764424,31.17021589524135,13.43718592964824,31.160706788035863,30.010591370942326,32.3108222051294
13.93467336683417,31.048067980418026,29.75681447330592,32.339321487530135,13.93467336683417,28.471372315832934,27.769270113425648,29.17347451824022,13.93467336683417,30.322945828146814,29.374194874097924,31.271696782195704,13.93467336683417,31.23969153195479,30.099724541611796,32.37965852229778
14.4321608040201,31.11106723461375,29.83115362424611,32.390980844981385,14.4321608040201,28.543162749621676,27.847537142525322,29.23878835671803,14.4321608040201,30.431376621394918,29.49095767790466,31.371795564885176,14.4321608040201,31.31677275028064,30.18681704578616,32.446728454775126
14.92964824120603,31.172229335236526,29.90350028056206,32.44095838991099,14.92964824120603,28.6140900627303,27.924856409126352,29.303323716334244,14.92964824120603,30.5383229586764,29.606121888613835,31.470524028738964,14.92964824120603,31.39196904920633,30.271887489658326,32.512050608754336
15.42713567839196,31.231573674129447,29.97387383409686,32.489273514162036,15.42713567839196,28.684160024312423,28.00123368238236,29.367086366242486,15.42713567839196,30.643796625420464,29.71969929165465,31.56789395918628,15.42713567839196,31.465299034924783,30.354954479421217,32.57564359042835
15.924623115577889,31.2891196431356,30.042293676693596,32.5359456095776,15.924623115577889,28.753378403521676,28.076674731446968,29.430082075596385,15.924623115577889,30.747809407056312,29.83170167245631,31.663917141656313,15.924623115577889,31.536781313628914,30.436036621267757,32.637526005990075
16.42211055276382,31.344886634098074,30.108779200195364,32.580994068000784,16.42211055276382,28.821750969511687,28.15118532547381,29.492316613549562,16.42211055276382,30.850373089013146,29.942140816448017,31.758605361578276,16.42211055276382,31.60643449151165,30.515152521390863,32.69771646163243
16.91959798994975,31.39889403885996,30.173349796445248,32.62443828127468,16.91959798994975,28.889283491436075,28.224771233616504,29.553795749255645,16.91959798994975,30.95149945672017,30.051028509058973,31.85197040438137,16.91959798994975,31.67427717476591,30.59232078598346,32.756233563548356
17.417085427135678,31.451161249264352,30.236024857286342,32.666297641242366,17.417085427135678,28.95598173844847,28.297438225028685,29.61452525186826,17.417085427135678,31.05120029560659,30.158376535718386,31.944024055494797,17.417085427135678,31.74032796958461,30.667560021238465,32.81309591793075
17.914572864321606,31.50170765715433,30.296823774561727,32.70659153974693,17.914572864321606,29.021851479702498,28.369192068863967,29.67451089054103,17.914572864321606,31.1494873911016,30.264196681855445,32.03477810034776,17.914572864321606,31.80460548216067,30.740888833348798,32.868322130972544
18.412060301507537,31.550552654372993,30.355765940114505,32.74533936863148,18.412060301507537,29.086898484351785,28.440038534275985,29.733758434427585,18.412060301507537,31.246372528634414,30.36850073289937,32.12424432436946,18.412060301507537,31.86712831868702,30.81232582850738,32.921930808866655
18.909547738693465,31.59771563276343,30.41287074578776,32.78256051973909,18.909547738693465,29.151128521549953,28.50998339041836,29.792273652681548,18.909547738693465,31.341867493634222,30.47130047427935,32.2124345129891,18.909547738693465,31.92791508535657,30.881889612907134,32.97394055780601
19.407035175879397,31.643215984168723,30.46815758342458,32.81827438491286,19.407035175879397,29.21454736045063,28.579032406444718,29.850062314456544,19.407035175879397,31.43598407153024,30.572607691424597,32.299360451635884,19.407035175879397,31.986984388362245,30.949598792740975,33.02436998398352
19.904522613065325,31.687073100431967,30.521645844868058,32.85250035599587,19.904522613065325,29.277160770207438,28.64719135150868,29.907130188906194,19.904522613065325,31.52873404775166,30.672434169764305,32.38503392573901,19.904522613065325,32.04435483389697,31.01547197420183,33.073237693592105
20.402010050251256,31.729306373396252,30.573354921961283,32.88525782483122,20.402010050251256,29.33897451997401,28.714465994763884,29.963483045184134,20.402010050251256,31.620129207727686,30.770791694727684,32.46946672072769,20.402010050251256,32.10004502815365,31.07952776348261,33.120562292824694
20.899497487437184,31.769935194904665,30.623304206547342,32.91656618326199,20.899497487437184,29.399994378903965,28.780862105363944,30.019126652443987,20.899497487437184,31.710181336887526,30.867692051743933,32.552670622031115,20.899497487437184,32.15407357732523,31.14178476677625,33.16636238787421
21.396984924623116,31.8089789568003,30.671513090469325,32.94644482313127,21.396984924623116,29.46022611615093,28.846385452462492,30.07406677983937,21.396984924623116,31.79890222066038,30.96314702624226,32.6346574150785,21.396984924623116,32.20645908760461,31.202261590275658,33.21065658493356
21.894472361809044,31.84645705092624,30.718000965570322,32.97491313628216,21.894472361809044,29.519675500868534,28.91104180521315,30.12830919652392,21.894472361809044,31.88630364447545,31.057168403651858,32.715438885299044,21.894472361809044,32.25722016518471,31.260976840173758,33.253463490195664
22.391959798994975,31.88238886912558,30.762787223693426,33.00199051455774,22.391959798994975,29.5783483022104,28.974836932769545,30.181859671651257,22.391959798994975,31.972397393761945,31.149767969401942,32.79502681812195,22.391959798994975,32.30637541625846,31.317949122663467,33.29480170985346
22.889447236180903,31.91679380324141,30.805891256681722,33.0276963498011,22.889447236180903,29.636250289330153,29.037776604285305,30.234723974375,22.889447236180903,32.057195253949054,31.240957508921703,32.873432998976405,22.889447236180903,32.35394344701878,31.37319704393771,33.33468985009985
23.386934673366834,31.949691245116817,30.847332456378304,33.05205003385533,23.386934673366834,29.69338723138142,29.09986658891405,30.286907873848786,23.386934673366834,32.14070901046599,31.330748807640347,32.95066921329163,23.386934673366834,32.39994286365859,31.42673921018941,33.373146517127765
23.884422110552762,31.981100586594895,30.88713021462626,33.07507095856353,23.884422110552762,29.74976489751782,29.161112655809408,30.338417139226234,23.884422110552762,32.222950448741955,31.41915365098708,33.026747246496825,23.884422110552762,32.444392272370806,31.478594227611485,33.41019031713012
24.381909547738694,32.011041219518724,30.925303923268675,33.09677851576877,24.381909547738694,29.80538905689299,29.22152057412501,30.389257539660974,24.381909547738694,32.303931354206156,31.506183824391112,33.1016788840212,24.381909547738694,32.48731027934835,31.52878070239685,33.44583985629985
24.87939698492462,32.039532535731404,30.961872974148648,33.11719209731416,24.87939698492462,29.86026547866055,29.28109611301447,30.439434844306632,24.87939698492462,32.38366351228778,31.591851113281628,33.17547591129394,24.87939698492462,32.528715490784144,31.577317240738434,33.48011374082986
25.376884422110553,32.06659392707602,30.996856759109264,33.13633109504278,25.376884422110553,29.914399931974124,29.339845041631424,30.488954822316824,25.376884422110553,32.46215870841605,31.67616730308784,33.24815011374425,25.376884422110553,32.568626512871106,31.62422244882915,33.51303057691306
25.87437185929648,32.092244785395664,31.03027466999361,33.15421490079772,25.87437185929648,29.96779818598734,29.397773129129497,30.537823242845185,25.87437185929648,32.53942872802015,31.75914417923895,33.319713276801345,25.87437185929648,32.607061951802166,31.66951493286193,33.5446089707424
26.371859296482413,32.116504502533424,31.062146098644778,33.170862906422066,26.371859296482413,30.020466009853823,29.454886144662307,30.58604587504534,26.371859296482413,32.61548535652929,31.840793527164163,33.39017718589442,26.371859296482413,32.64404041377023,31.713213299029675,33.57486752851078
26.86934673366834,32.13939247033239,31.09249043690586,33.186294503758916,26.86934673366834,30.0724091727272,29.51118985738349,30.633628488070908,26.86934673366834,32.69034037937268,31.921127132292675,33.45955362645268,26.86934673366834,32.67958050496822,31.75533615352532,33.60382485641112
27.366834170854272,32.16092808063565,31.12132707661994,33.20052908465136,27.366834170854272,30.12363344376109,29.56669003644666,30.68057685107552,27.366834170854272,32.76400558197951,32.0001567800537,33.52785438390532,27.366834170854272,32.713700831589065,31.79590210254178,33.63149956063635
27.8643216080402,32.181130725286295,31.148675409630112,33.213586040942474,27.8643216080402,30.174144592109126,29.62139245100545,30.726896733212804,27.8643216080402,32.83649274977899,32.07789425587642,33.59509124368156,27.8643216080402,32.74641999982569,31.834929752271986,33.65791024737939
28.36180904522613,32.200019796127414,31.174554827779467,33.22548476447536,28.36180904522613,30.22394838692493,29.675302870213482,30.77259390363638,28.36180904522613,32.907813668200326,32.154351345190065,33.66127599121059,28.36180904522613,32.777756615871,31.872437708908844,33.68307552283316
28.85929648241206,32.2176146850021,31.19898472291109,33.23624464709311,28.85929648241206,30.27305059736213,29.728427063224384,30.817674131499874,28.85929648241206,32.97798012267271,32.22953983342382,33.7264204119216,28.85929648241206,32.80772928591792,31.90844457864528,33.707013993190564
29.35678391959799,32.23393478375343,31.22198448686807,33.2458850806388,29.35678391959799,30.32145699257435,29.780770799191785,30.862143185956917,29.35678391959799,33.04700389862536,32.3034715060069,33.790536291243825,29.35678391959799,32.83635661615938,31.942968967674215,33.729744264644545
29.85427135678392,32.24899948422451,31.2435735114935,33.25442545695552,29.85427135678392,30.369173341715218,29.832339847269306,30.90600683616113,29.85427135678392,33.11489678148747,32.37615814836849,33.853635414606444,29.85427135678392,32.86365721278829,31.976029482188572,33.75128494338801
30.35175879396985,32.26282817825843,31.263771188630475,33.26188516788638,30.35175879396985,30.416205413938357,29.883139976610575,30.94927085126614,30.35175879396985,33.18167055668823,32.447611545937804,33.91572956743866,30.35175879396985,32.889649681997575,32.007644728381266,33.771654635613885
30.849246231155778,32.275440257698264,31.282596910122074,33.268283605274455,30.849246231155778,30.46255897839739,29.933176956369213,30.991941000425566,30.849246231155778,33.24733700965687,32.517843484144045,33.97683053516969,30.849246231155778,32.91435262998015,32.037833312445215,33.790871947515086
31.34673366834171,32.286855114387116,31.300070067811394,33.27364016096284,31.34673366834171,30.508239804245946,29.982456555698846,31.034023052793046,31.34673366834171,33.31190792582257,32.586865748416415,34.03695010322872,31.34673366834171,32.93778466292895,32.06661384057335,33.80895548528454
31.844221105527637,32.29709214016807,31.31621005354152,33.27797422679462,31.844221105527637,30.55325366063765,30.030984543753103,31.0755227775222,31.844221105527637,33.37539509061454,32.65469012418411,34.09610005704497,31.844221105527637,32.95996438703688,32.09400491895859,33.825923855115164
32.34170854271357,32.30617072688422,31.33103625915555,33.281305194612884,32.34170854271357,30.597606316726132,30.078766689685615,31.11644594376665,32.34170854271357,33.437810289461986,32.721328396876345,34.15429218204763,32.34170854271357,32.98091040849686,32.12002515379385,33.841795663199875
32.8391959798995,32.31411026637864,31.34456807649656,33.283652456260725,32.8391959798995,30.64130354166501,30.125808762649996,31.156798320680025,32.8391959798995,33.49916530779411,32.78679235192231,34.21153826366591,32.8391959798995,33.00064133350182,32.144693151272044,33.85658951573159
33.336683417085425,32.32093015049444,31.35682489740765,33.28503540358123,33.336683417085425,30.684351104607913,30.172116531799876,31.19658567741595,33.336683417085425,33.55947193104011,32.85109377475122,34.267850087328995,33.336683417085425,33.01917576824468,32.168027517586104,33.870324018903254
33.834170854271356,32.3266497710747,31.36782611373191,33.28547342841749,33.834170854271356,30.726754774708468,30.217695766288884,31.23581378312805,33.834170854271356,33.618741944629186,32.91424445079226,34.32323943846611,33.834170854271356,33.03653231891835,32.190046858928945,33.88301777890775
34.33165829145729,32.33128851996251,31.377591117312427,33.2849859226126,34.33165829145729,30.7685203211203,30.262552235270643,31.274488406969954,34.33165829145729,33.67698713399055,32.97625616547465,34.37771810250645,34.33165829145729,33.05272959171576,32.21076978149349,33.89468940193803
34.82914572864321,32.334865789000965,31.38613929999229,33.28359227800964,34.82914572864321,30.80965351299703,30.30669170789878,31.312615318095283,34.82914572864321,33.734219284553404,33.03714070422759,34.43129786487922,34.82914572864321,33.06778619282983,32.23021489147266,33.905357494186994
35.32663316582914,32.337400970033144,31.393490053614585,33.281311886451704,35.32663316582914,30.85016011949229,30.350119953326917,31.350200285657664,35.32663316582914,33.79045018174695,33.09690985248028,34.483990511013616,35.32663316582914,33.081720728453476,32.248400795059375,33.91504066184758
35.824120603015075,32.33891345490214,31.399662770022402,33.27816413978188,35.824120603015075,30.890045909759703,30.39284274070868,31.387249078810726,35.824120603015075,33.84569161100038,33.15557539566192,34.535807826338846,35.824120603015075,33.09455180477963,32.26534609844656,33.9237575111127
36.321608040201006,32.33942263545105,31.40467684105884,33.27416842984326,36.321608040201006,30.929316652952892,30.4348658391977,31.423767466708085,36.321608040201006,33.89995535774291,33.21314911920171,34.58676159628411,36.321608040201006,33.10629802800119,32.28106940782712,33.931526648175264
36.81909547738693,32.338947903522964,31.40855165856699,33.269344148478936,36.81909547738693,30.96797811822549,30.476195017947596,31.45976121850338,36.81909547738693,33.95325320740374,33.269642808528864,34.63686360627862,36.81909547738693,33.11697800431109,32.295589329393984,33.9383666792282
37.31658291457286,32.33750865096096,31.41130661438993,33.263710687532,37.31658291457286,31.006036074731114,30.516836046111997,31.49523610335023,37.31658291457286,34.005596945412066,33.32506824907258,34.68612564175155,37.31658291457286,33.12661033990226,32.30892446934008,33.94429621046444
37.814070351758794,32.33512426960814,31.412961100370747,33.25728743884552,37.814070351758794,31.04349629162339,30.55679469284453,31.530197890402253,37.814070351758794,34.056998357197095,33.37943722626205,34.73455948813214,37.814070351758794,33.135213640967606,32.321093433858316,33.9493338480769
38.311557788944725,32.33181415130758,31.413534508352544,33.25009379426262,38.311557788944725,31.080364538055957,30.596076727298822,31.56465234881309,38.311557788944725,34.10746922818804,33.432761525526494,34.78217693084958,38.311557788944725,33.14280651370005,32.332114829141624,33.95349819825848
38.80904522613065,32.32759768790238,31.413046230178402,33.242149145626364,38.80904522613065,31.116646583182423,30.63468791862849,31.598605247736355,38.80904522613065,34.15702134381408,33.485052932295105,34.828989755333055,38.80904522613065,33.14940756429252,32.34200726138292,33.956807867202116
39.30653266331658,32.322494271235634,31.411515657691417,33.23347288477985,39.30653266331658,31.15234819615642,30.672634035987166,31.632062356325676,39.30653266331658,34.20566648950443,33.53632323199708,34.87500974701178,39.30653266331658,33.155035398937926,32.350789336775115,33.95928146110074
39.80402010050251,32.31652329315042,31.408962182734673,33.22408440356617,39.80402010050251,31.18747514613158,30.709920848528476,31.66502944373468,39.80402010050251,34.253416450688306,33.58658421006164,34.920248691314974,39.80402010050251,33.1597086238292,32.35847966151114,33.96093758614725
40.301507537688444,32.30970414548983,31.40540519715126,33.2140030938284,40.301507537688444,31.22203320226152,30.746554125406043,31.697512279117,40.301507537688444,34.30028301279489,33.63584765191797,34.964718373671815,40.301507537688444,33.16344584515925,32.36509684178392,33.96179484853459
40.79899497487437,32.302056220096965,31.400864092784275,33.203248347409655,40.79899497487437,31.256028133699868,30.782539635773492,31.729516631626243,40.79899497487437,34.34627796125339,33.68412534299527,35.00843057951151,40.79899497487437,33.16626566912101,32.37065948378636,33.96187185445566
41.2964824120603,32.2935989088149,31.395358261476797,33.191839556153,41.2964824120603,31.28946570960025,30.81788314878445,31.76104827041605,41.2964824120603,34.39141308149302,33.73142906872276,35.05139709426328,41.2964824120603,33.16818670190739,32.37518619371139,33.96118721010338
41.79396984924623,32.28435160348673,31.388907095071925,33.179796111901545,41.79396984924623,31.322351699116297,30.85259043359255,31.792112964640044,41.79396984924623,34.43570015894297,33.777770614529636,35.09362970335631,41.79396984924623,33.16922754971131,32.378695577751934,33.959759521670684
42.29145728643216,32.27433369595555,31.38152998541274,33.167137406498355,42.29145728643216,31.354691871401624,30.886667259351402,31.822716483451845,42.29145728643216,34.479150979032454,33.8231617658451,35.13514019221981,42.29145728643216,33.169406818725705,32.381206242100916,33.95760739535049
42.78894472361809,32.26356457806444,31.373246324342336,33.15388283178655,42.78894472361809,31.386491995609866,30.920119395214645,31.852864596005087,42.78894472361809,34.521777327190655,33.86761430809835,35.175940346282964,42.78894472361809,33.16874311514347,32.382736792951235,33.95474943733571
43.28643216080402,32.2520636416565,31.364075503703805,33.140051779609195,43.28643216080402,31.417757840894645,30.9529526103359,31.88256307145339,43.28643216080402,34.5635909888468,33.91114002671859,35.216041950975004,43.28643216080402,33.167255045157546,32.38330583649582,33.95120425381927
43.78391959798995,32.23985027857481,31.35403691534023,33.12566364180938,43.78391959798995,31.448495176409583,30.98517267386879,31.911817678950378,43.78391959798995,34.604603749430076,33.95375070713503,35.25545679172512,43.78391959798995,33.164961214960854,32.382931978927616,33.94699045099409
44.28140703517588,32.22694388066247,31.343149951094716,33.11073781023022,44.28140703517588,31.47870977130831,31.01678535496694,31.940634187649678,44.28140703517588,34.64482739436969,33.99545813477687,35.294196653962516,44.28140703517588,33.161880230746306,32.38163382643951,33.9421266350531
44.778894472361806,32.21336383976256,31.331434002810333,33.09529367671478,44.778894472361806,31.508407394744452,31.047796422783986,31.96901836670492,44.778894472361806,34.684273709094846,34.0362740950733,35.33227332311639,44.778894472361806,33.15803069870682,32.379429985224434,33.9366314121892
45.27638190954774,32.19912954771817,31.31890846233018,33.07935063310616,45.27638190954774,31.53759381587163,31.07821164647354,31.99697598526972,45.27638190954774,34.72295447903475,34.07621037345355,35.369698584615946,45.27638190954774,33.15343122503532,32.37633906147531,33.930523388595326
45.77386934673367,32.184260396372395,31.305592721497344,33.06292807124744,45.77386934673367,31.566274803843477,31.108036795189236,32.02451281249772,45.77386934673367,34.76088148961859,34.11527875534679,35.40648422389039,45.77386934673367,33.14810041592473,32.37237966138507,33.92382117046439
46.2713567839196,32.16877577756833,31.291506172154925,33.04604538298173,46.2713567839196,31.59445612781361,31.137277638084697,32.051634617542526,46.2713567839196,34.79806652627559,34.15349102618226,35.44264202636892,46.2713567839196,33.14205687756797,32.367570391146614,33.91654336398932
46.768844221105525,32.15269508314905,31.276668206146,33.0287219601521,46.768844221105525,31.62214355693566,31.165939944313546,32.07834716955777,46.768844221105525,34.83452137443493,34.19085897138911,35.478183777480744,46.768844221105525,33.13531921615795,32.36192985695288,33.90870857536303
47.266331658291456,32.13603770495765,31.26109821531366,33.010977194601644,47.266331658291456,31.649342860363255,31.194029483029418,32.10465623769709,47.266331658291456,34.87025781952583,34.2273943763966,35.51312126265506,47.266331658291456,33.127906037887605,32.35547666499677,33.90033541077844
47.76381909547739,32.11882303483723,31.244815591501002,32.99283047817345,47.76381909547739,31.676059807250013,31.221552023385925,32.1305675911141,47.76381909547739,34.905287646977484,34.26310902663389,35.54746626732108,47.76381909547739,33.11983594894985,32.348229421471224,33.89144247642847
48.26130653266332,32.101070464630865,31.22783972655111,32.97430120271062,48.26130653266332,31.702300166749566,31.248513334536703,32.15608699896243,48.26130653266332,34.939622642219106,34.298014707530214,35.581230576908,48.26130653266332,33.1111275555376,32.34020673256914,33.882048378506056
48.75879396984924,32.082799386181655,31.210190012307077,32.95540876005624,48.75879396984924,31.72806970801554,31.274919185635376,32.1812202303957,48.75879396984924,34.973274590679885,34.33212320451476,35.61442597684501,48.75879396984924,33.10179946384378,32.33142720448347,33.8721717232041
49.256281407035175,32.064029191332686,31.191885840611988,32.936172542053384,49.256281407035175,31.753374200201552,31.300775345835564,32.205973054567544,49.256281407035175,35.00625527778902,34.36544630301671,35.647064252561336,49.256281407035175,33.091870280061315,32.3219094434071,33.86183111671553
49.753768844221106,32.04477927192704,31.172946603308933,32.91661194054515,49.753768844221106,31.778219412461237,31.3260875842909,32.23035124063158,49.753768844221106,35.03857648897574,34.397995788465316,35.67915718948617,49.753768844221106,33.08135861038312,32.31167205553297,33.851045165233266
50.25125628140703,32.02506901980782,31.15339169224101,32.89674634737464,50.25125628140703,31.802611113948213,31.350861670155,32.25436055774143,50.25125628140703,35.07025000966922,34.42978344628973,35.710716573048714,50.25125628140703,33.070283061002115,32.300733647054,33.83983247495023
50.74874371859296,32.004917826818115,31.1332404992513,32.87659515438493,50.74874371859296,31.826555073816113,31.3751033725815,32.27800677505073,50.74874371859296,35.101287625298674,34.460821061919184,35.741754188678165,50.74874371859296,33.05866223811122,32.289112824163105,33.82821165205933
51.246231155778894,31.984345084801003,31.112512416182895,32.85617775341911,51.246231155778894,31.85005706121856,31.398818460724023,32.3012956617131,51.246231155778894,35.131701121293304,34.49112042078288,35.77228182180373,51.246231155778894,33.04651474790336,32.27682819305321,33.816201302753505
51.743718592964825,31.96337018559958,31.09122683487888,32.83551353632028,51.743718592964825,31.873122845309176,31.422012703736186,32.324232986882166,51.743718592964825,35.161502283082314,34.52069330831,35.802311257854626,51.743718592964825,33.03385919657145,32.263898359917235,33.80382003322566
52.24120603015075,31.942012521056938,31.06940314718236,32.81462189493152,52.24120603015075,31.89575819524159,31.444691870771624,32.346824519711554,52.24120603015075,35.190702896094905,34.54955150992978,35.83185428226003,52.24120603015075,33.02071419030841,32.250341930948096,33.791086449668725
52.73869346733668,31.920291483016165,31.04706074493641,32.79352222109592,52.73869346733668,31.917968880169433,31.466861730983965,32.3690760293549,52.73869346733668,35.21931474576028,34.57770681107139,35.86092268044917,52.73869346733668,33.00709833530716,32.236177512338706,33.77801915827562
53.23618090452261,31.89822646332035,31.024219019984123,32.772233906656574,53.23618090452261,31.93976066924632,31.488528053526828,32.39099328496581,53.23618090452261,35.247349617507645,34.60517099716405,35.88952823785124,53.23618090452261,32.993030237760635,32.22142371028201,33.76463676523926
53.733668341708544,31.875836853812583,31.00089736416859,32.75077634345657,53.733668341708544,31.961139331625876,31.509696607553835,32.41258205569792,53.733668341708544,35.274819296766196,34.63195585363697,35.917682739895426,53.733668341708544,32.97852850386174,32.206099130970905,33.75095787675257
54.23115577889447,31.853142046335954,30.977115169332905,32.729168923339,54.23115577889447,31.982110636461737,31.53037316221862,32.43384811070486,54.23115577889447,35.301735568965135,34.65807316591932,35.94539797201095,54.23115577889447,32.9636117398034,32.19022238059832,33.737001099008474
54.7286432160804,31.830161432733547,30.952891827320144,32.70743103814695,54.7286432160804,32.002680352907525,31.550563486674804,32.45479721914025,54.7286432160804,35.32811021953367,34.68353471944034,35.972685719627,54.7286432160804,32.94829855177853,32.173812065357176,33.72278503819988
55.22613065326633,31.806914404848463,30.928246729973413,32.68558207972351,55.22613065326633,32.02285425011686,31.57027335007601,32.4754351501577,55.22613065326633,35.35395503390101,34.70835229962921,35.99955776817281,55.22613065326633,32.932607545980055,32.15688679144039,33.70832830051972
55.72361809045226,31.783420354523784,30.903199269135794,32.66364143991177,55.72361809045226,32.04263809724337,31.589508521575873,32.495767672910866,55.72361809045226,35.37928179749634,34.73253769191514,36.02602590307754,55.72361809045226,32.9165573286009,32.139465165040896,33.69364949216091
56.22110552763819,31.759698673602603,30.87776883665038,32.641628510554824,56.22110552763819,32.06203766344069,31.608274770328016,32.515800556553366,56.22110552763819,35.404102295748885,34.75610268172734,36.05210190977043,56.22110552763819,32.90016650583398,32.121565792351596,33.67876721931636
56.71859296482412,31.735768753928003,30.85197482436025,32.61956268349576,56.71859296482412,32.08105871786243,31.62657786548606,32.53553957023881,56.71859296482412,35.428428314087824,34.779059054495,36.07779757368065,56.71859296482412,32.88345368387222,32.103207279565424,33.66370008817901
57.21608040201005,31.711649987343083,30.825836624108508,32.59746335057766,57.21608040201005,32.09970702966223,31.644423576203625,32.55499048312083,57.21608040201005,35.452271637942374,34.80141859564733,36.10312468023742,57.21608040201005,32.86643746890853,32.08440823287529,33.64846670494177
57.71356783919598,31.687361765690927,30.799373627738234,32.57534990364362,57.71356783919598,32.1179883679937,31.66181767163435,32.574159064353054,57.71356783919598,35.475644052741735,34.82319309061353,36.12809501486994,57.71356783919598,32.84913646713584,32.06518725847412,33.63308567579757
58.211055276381906,31.662923480814626,30.772605227092523,32.55324173453673,58.211055276381906,32.13590850201048,31.67876592093185,32.59305108308911,58.211055276381906,35.49855734391511,34.8443943248228,36.15272036300742,58.211055276381906,32.831569284747076,32.04556296255484,33.61757560693931
58.70854271356784,31.638354524557265,30.745550814014457,32.53115823510007,58.70854271356784,32.15347320086619,31.695274093249754,32.61167230848262,58.70854271356784,35.521023296891705,34.86503408370435,36.17701251007906,58.70854271356784,32.81375452793514,32.02555395131035,33.60195510455993
59.20603015075377,31.613674288761946,30.718229780347137,32.509118797176754,59.20603015075377,32.17068823371446,31.711347957741697,32.630028509687214,59.20603015075377,35.54305369710072,34.88512415268738,36.20098324151405,59.20603015075377,32.79571080289297,32.005178830933595,33.586242774852344
59.7035175879397,31.588902165271747,30.690661517933645,32.48714281260985,59.7035175879397,32.1875593697089,31.72699328356129,32.648125455856515,59.7035175879397,35.564660329971346,34.90467631720109,36.224644342741605,59.7035175879397,32.77745671581348,31.984456207617487,33.57045722400947
60.201005025125625,31.564057545929764,30.662865418617073,32.465249673242454,60.201005025125625,32.20409237800315,31.742215839862165,32.665968916144145,60.201005025125625,35.5858549809328,34.92370236267468,36.24800759919092,60.201005025125625,32.75901087288958,31.963404687554938,33.55461705822423
60.698492462311556,31.53915982257908,30.63486087424051,32.44345877091765,60.698492462311556,32.22029302775084,31.75702139579795,32.683564659703734,60.698492462311556,35.60664943541428,34.94221407453736,36.271084796291206,60.698492462311556,32.740391880314206,31.942042876938874,33.53874088368954
61.19597989949749,31.514228387062794,30.60666727664705,32.42178949747854,61.19597989949749,32.23616708810558,31.771415720522263,32.7009184556889,61.19597989949749,35.627055478845,34.96022323821833,36.29388771947167,61.19597989949749,32.72161834428027,31.920389381962217,33.52284730659833
61.69346733668342,31.489282631223986,30.57830401767977,32.4002612447682,61.69346733668342,32.25172032822101,31.78540458318874,32.71803607325328,61.69346733668342,35.64708489665415,34.9777416391468,36.3164281541615,61.69346733668342,32.7027088709807,31.89846280881789,33.50695493314351
62.19095477386934,31.46434194690575,30.54979048918177,32.37889340462973,62.19095477386934,32.26695851725075,31.798993752951,32.7349232815505,62.19095477386934,35.66674947427093,34.994781062751954,36.338717885789904,62.19095477386934,32.68368206660841,31.87628176369881,33.49108236951801
62.688442211055275,31.43942572595118,30.52114608299614,32.35770536890622,62.688442211055275,32.28188742434842,31.812188998962668,32.75158584973417,62.688442211055275,35.68606099712454,35.011353294463,36.360768699786085,62.688442211055275,32.66455653735632,31.85386485279789,33.47524822191475
63.185929648241206,31.41455336020336,30.49239019096597,32.33671652944075,63.185929648241206,32.29651281866765,31.824996090377372,32.76802954695793,63.185929648241206,35.705031250644204,35.02747011970916,36.38259238157925,63.185929648241206,32.64535088941735,31.831230682308064,33.45947109652664
63.68341708542714,31.38974424150538,30.463542204934345,32.31594627807642,63.68341708542714,32.31084046936206,31.83742079634873,32.784260142375395,63.68341708542714,35.72367202025911,35.04314332391962,36.404200716598595,63.68341708542714,32.626083728984426,31.808397858422243,33.443769599546606
64.18090452261306,31.365017761700333,30.434621516744357,32.29541400665631,64.18090452261306,32.32487614558529,31.849468886030383,32.800283405140206,64.18090452261306,35.74199509139846,35.05838469252358,36.425605490273334,64.18090452261306,32.60677366225047,31.78538498733336,33.42816233716758
64.678391959799,31.340393312631306,30.405647518239096,32.27513910702351,64.678391959799,32.33862561649096,31.861146128575943,32.81610510440597,64.678391959799,35.76001224949146,35.07320601095026,36.44681848803266,64.678391959799,32.58743929540839,31.762210675234314,33.41266791558246
65.17587939698493,31.31589028614139,30.37663960126165,32.25514097102113,65.17587939698493,32.35209465123269,31.872458293139047,32.83173100932633,65.17587939698493,35.7777352799673,35.08761906462884,36.467851495305766,65.17587939698493,32.568099234651115,31.738893528318044,33.397304940984185
65.67336683417085,31.29152807407367,30.34761715765511,32.23543899049223,65.67336683417085,32.365289018964106,31.88341114887331,32.847166889054904,65.67336683417085,35.79517596825521,35.10163563898854,36.488716297521876,65.67336683417085,32.54877208617157,31.715452152777466,33.38209201956567
66.17085427135679,31.26732606827124,30.318599579262568,32.216052557279916,66.17085427135679,32.378214488838836,31.89401046493236,32.86241851274531,66.17085427135679,35.812346099784364,35.11526751945855,36.50942468011018,66.17085427135679,32.52947645616266,31.691905154805493,33.36704775751983
66.66834170854271,31.243303660577194,30.289606257927108,32.19700106322728,66.66834170854271,32.390876830010505,31.90426201046983,32.87749164955118,66.66834170854271,35.829257459983985,35.12852649146809,36.529988428499884,66.66834170854271,32.510230950817316,31.66827114059505,33.35219076103959
67.16582914572864,31.219480242834617,30.260656585491827,32.178303900177404,67.16582914572864,32.403281811632745,31.91417155463934,32.89239206862615,67.16582914572864,35.84592183428327,35.14142434044634,36.55041932812019,67.16582914572864,32.49105417632847,31.644568716339066,33.33753963631787
67.66331658291458,31.195875206886594,30.231769953799805,32.15998045997338,67.66331658291458,32.41543520285917,31.92374486659451,32.90712553912383,67.66331658291458,35.86235100811141,35.15397285182252,36.5707291644003,67.66331658291458,32.471964738889014,31.620816488230442,33.32311298954759
68.1608040201005,31.17250794457622,30.20296575469414,32.1420501344583,68.1608040201005,32.42734277284341,31.93298771548897,32.92169783019785,68.1608040201005,35.878556766897624,35.166183811025824,36.590929722769424,68.1608040201005,32.4529812446919,31.597033062462124,33.30892942692167
68.65829145728642,31.149397847746588,30.17426338001792,32.12453231547526,68.65829145728642,32.43901029073909,31.941905870476347,32.936114711001835,68.65829145728642,35.89455089607111,35.17806900348547,36.61103278865675,68.65829145728642,32.434122299930024,31.57323704522701,33.29500755463304
69.15577889447236,31.12656430824078,30.145682221614233,32.10744639486733,69.15577889447236,32.450443525699846,31.950505100710274,32.95038195068942,69.15577889447236,35.91034518106106,35.18964021463063,36.63105014749149,69.15577889447236,32.415406510796316,31.54944704271803,33.281365978874604
69.65326633165829,31.104026717901892,30.11724167132617,32.090811764477614,69.65326633165829,32.46164824687929,31.958791175344366,32.96450531841422,69.65326633165829,35.925951407296694,35.20090922989054,36.650993584702846,69.65326633165829,32.39685248348369,31.525681661128097,33.268023305839286
70.15075376884423,31.081804468573008,30.088961120996814,32.0746478161492,70.15075376884423,32.472630223431054,31.96676986353225,32.97849058332986,70.15075376884423,35.9413813602072,35.21188783469438,36.670874885720025,70.15075376884423,32.37847882418508,31.501959506650145,33.254998141720016
70.64824120603015,31.059916952097225,30.06085996246927,32.05897394172518,70.64824120603015,32.48339522450876,31.97444693442755,32.99234351458997,70.64824120603015,35.956646825221796,35.22258781447137,36.690705835972224,70.64824120603015,32.3603041390934,31.47829918547709,33.24230909270971
71.14572864321607,31.038383560317627,30.032957587586615,32.04380953304864,71.14572864321607,32.49394901926604,31.9818281571839,33.00606988134818,71.14572864321607,35.97175958776967,35.23302095465069,36.710498220888645,71.14572864321607,32.34234703440157,31.454719303801852,33.22997476500129
71.64321608040201,31.0172236850773,30.005273388191938,32.029173981962664,71.64321608040201,32.504297376856506,31.98891930095491,33.0196754527581,71.64321608040201,35.986731433280035,35.24319904066157,36.7302638258985,71.64321608040201,32.324626116302504,31.43123846781734,33.21801376478767
72.14070351758794,30.996456718219346,29.977826756128337,32.015086680310354,72.14070351758794,32.514446066433806,31.995726134894234,33.03316599797338,72.14070351758794,36.00157414718208,35.25313385793319,36.75001443643097,72.14070351758794,32.30715999098913,31.407875283716486,33.20644469826177
72.63819095477386,30.976102051586842,29.950637083238895,32.00156701993479,72.63819095477386,32.52440085715154,32.00225442815546,33.04654728614762,72.63819095477386,36.01629951490502,35.26283719189476,36.76976183791528,72.63819095477386,32.289967264654365,31.38464835769221,33.19528617161652
73.1356783919598,30.956179077022888,29.923723761366706,31.98863439267907,73.1356783919598,32.53416751816335,32.00850994989224,33.05982508643446,73.1356783919598,36.03091932187806,35.27232082797549,36.78951781578063,73.1356783919598,32.27306654349113,31.36157629593743,33.184556791044834
73.63316582914572,30.936707186370562,29.897106182354854,31.97630819038627,73.63316582914572,32.543751818622866,32.0144984692582,33.07300516798753,73.63316582914572,36.0454453535304,35.281596551604586,36.80929415545621,73.63316582914572,32.25647643369235,31.338677704645065,33.17427516273963
74.13065326633166,30.917705771472967,29.870803738046437,31.964607804899497,74.13065326633166,32.5531595276837,32.020225755406955,33.08609329996044,74.13065326633166,36.05988939529123,35.290676148211226,36.82910264237123,74.13065326633166,32.24021554145094,31.315971190008035,33.16445989289384
74.62814070351759,30.899194224173183,29.844835820284537,31.95355262806183,74.62814070351759,32.562396414499474,32.025697577492124,33.099095251506824,74.62814070351759,36.074263232589765,35.29957140322463,36.8489550619549,74.62814070351759,32.22430247295982,31.29347535821927,33.15512958770037
75.12562814070351,30.881191936314302,29.819221820912247,31.943162051716357,75.12562814070351,32.57146824822383,32.030919704667355,33.112016791780306,75.12562814070351,36.088578650855204,35.30829410207401,36.8688631996364,75.12562814070351,32.20875583441192,31.27120881547168,33.146302853352154
75.62311557788945,30.863718299739414,29.793981131772654,31.933455467706175,75.62311557788945,32.58038079801039,32.035897906086255,33.12486368993452,75.62311557788945,36.10284743551675,35.316856030188546,36.888838840844954,75.62311557788945,32.193594232000144,31.24919016795819,33.1379982960421
76.12060301507537,30.846792706291613,29.769133144708857,31.92445226787437,76.12060301507537,32.58913983301277,32.04063795090246,33.13764171512309,76.12060301507537,36.11708137200361,35.325268972997456,36.908893771009765,76.12060301507537,32.178836271917426,31.227438021871716,33.13023452196314
76.6180904522613,30.83043454781398,29.74469725156393,31.916171844064028,76.6180904522613,32.59775112238461,32.045145608269586,33.15035663649963,76.6180904522613,36.13129224574499,35.333544715929946,36.92903977556003,76.6180904522613,32.16450056035668,31.20597098340518,33.12303013730818
77.11557788944724,30.81466321614961,29.720692844180977,31.908633588118246,77.11557788944724,32.60622043527951,32.049426647341264,33.16301422321776,77.11557788944724,36.145491842170074,35.341695044415204,36.949288639924944,77.11557788944724,32.15060570351083,31.184807658751506,33.116403748270145
77.61306532663316,30.799498103141598,29.697139314403085,31.90185689188011,77.61306532663316,32.61455354085113,32.05348683727112,33.17562024443113,77.61306532663316,36.15969194670808,35.34973174388244,36.96965214953372,77.61306532663316,32.13717030757279,31.16396665410361,33.110373961041965
78.1105527638191,30.78495860063302,29.67405605407333,31.895861147192708,78.1105527638191,32.622756208253065,32.05733194721278,33.18818046929335,78.1105527638191,36.17390434478821,35.35766659976086,36.99014208981556,78.1105527638191,32.12421297873549,31.143466575654422,33.10495938181656
78.60804020100502,30.77106410046698,29.651462455034824,31.890665745899135,78.60804020100502,32.63083420663896,32.06096774631987,33.20070066695805,78.60804020100502,36.18814082183967,35.365511397479665,37.01077024619967,78.60804020100502,32.111752323191844,31.12332602959685,33.10017861678684
79.10552763819095,30.757833994486553,29.629377909130636,31.88629007984247,79.10552763819095,32.63879330516244,32.064400003746016,33.21318660657886,79.10552763819095,36.202413163291645,35.373277922468056,37.031548404115235,79.10552763819095,32.09980694713477,31.10356362212382,33.096050272145725
79.60301507537689,30.745287674534843,29.60782180820387,31.882753540865817,79.60301507537689,32.64663927297711,32.067634488644835,33.22564405730939,79.60301507537689,36.216733154573355,35.380977960155235,37.052488348991474,79.60301507537689,32.0883954567572,31.08419795942825,33.09259295408614
80.10050251256281,30.733444532454932,29.58681354409761,31.880075520812255,80.10050251256281,32.65437787923662,32.070676970169956,33.238078788303284,80.10050251256281,36.231112581114,35.388623295970405,37.07360186625759,80.10050251256281,32.07753645825204,31.065247647703064,33.08982526880102
80.59798994974874,30.722323960089913,29.566372508654943,31.878275411524882,80.59798994974874,32.662014893094586,32.07353321747502,33.250496568714155,80.59798994974874,36.245563228342775,35.39622571534277,37.09490074134278,80.59798994974874,32.06724855781222,31.04673129314118,33.08776582248326
81.09547738693468,30.71194534928287,29.546518093718962,31.87737260484678,81.09547738693468,32.669556083704634,32.076208999713636,33.26290316769563,81.09547738693468,36.26009688168889,35.403797003701534,37.11639675967624,81.09547738693468,32.05755036163066,31.028667501935523,33.0864332213258
81.5929648241206,30.7023280918769,29.52726969113276,31.877386492621042,81.5929648241206,32.67700722022038,32.07871008603943,33.275304354401335,81.5929648241206,36.274725326581546,35.411348946475904,37.13810170668719,81.5929648241206,32.04846047590028,31.011074880279008,33.08584607152155
82.09045226130652,30.693491579715086,29.50864669273942,31.878336466690754,82.09045226130652,32.68437407179547,32.08104224560603,33.28770589798491,82.09045226130652,36.28946034844994,35.41889332909507,37.160027367804815,82.09045226130652,32.03999750681399,30.993972034364553,33.086022979263426
82.58793969849246,30.68545520464052,29.49066849038203,31.880241918899006,82.58793969849246,32.691662407583514,32.08321124756707,33.30011356759996,82.58793969849246,36.30431373272328,35.42644193698823,37.18218552845833,82.58793969849246,32.03218006056473,30.977377570385087,33.08698255074437
83.08542713567839,30.678238358496298,29.473354475903697,31.8831222410889,83.08542713567839,32.69887799673814,32.08522286107616,33.31253313240012,83.08542713567839,36.31929726483077,35.43400655558462,37.20458797407693,83.08542713567839,32.02502674334539,30.96131009453352,33.08874339215727
83.58291457286433,30.6718604331255,29.45672404114749,31.88699682510351,83.58291457286433,32.70602660841298,32.087082855286944,33.32497036153901,83.58291457286433,36.33442273020162,35.44159897031341,37.227246490089826,83.58291457286433,32.01855616134893,30.94578821300279,33.09132410969507
84.08040201005025,30.666340820371218,29.440796577956505,31.89188506278593,84.08040201005025,32.713114011761654,32.088796999353036,33.33743102417027,84.08040201005025,36.34970191426501,35.449230966603814,37.25017286192621,84.08040201005025,32.01278692076824,30.930830531985794,33.09474330955069
84.57788944723617,30.661698912076545,29.425591478173835,31.897806345979255,84.57788944723617,32.72014597593778,32.09037106242806,33.3499208894475,84.57788944723617,36.36514660245017,35.45691432988504,37.2733788750153,84.57788944723617,32.00773762779625,30.916455657675467,33.099019597917035
85.07537688442211,30.65795410008457,29.411128133642567,31.904780066526573,85.07537688442211,32.72712827009501,32.09181081366565,33.36244572652436,85.07537688442211,36.380768580186285,35.46466084558628,37.29687631478629,85.07537688442211,32.00342688862589,30.90268219626473,33.10417158098705
85.57286432160804,30.655125776238382,29.397425936205796,31.91282561627097,85.57286432160804,32.73406666338693,32.09312202221942,33.37501130455445,85.57286432160804,36.39657963290256,35.47248229913674,37.32067696666837,85.57286432160804,31.999873309450063,30.889528753946497,33.110217864953626
86.07035175879396,30.65323333238107,29.384504277706604,31.921962387055537,86.07035175879396,32.7409669249672,32.09431045724301,33.387623392691395,86.07035175879396,36.41259154602819,35.48039047596562,37.34479261609076,86.07035175879396,31.997095496461704,30.8770139369137,33.11717705600971
86.5678391959799,30.652296160355725,29.372382549988085,31.932209770723365,86.5678391959799,32.747834823989436,32.095381887890035,33.40028776008884,86.5678391959799,36.4288161049924,35.48839716150214,37.36923504848266,86.5678391959799,31.995112055853724,30.865156351359243,33.12506776034821
87.06532663316582,30.652333652005435,29.36108014489333,31.94358715911754,87.06532663316582,32.754676129607255,32.09634208331412,33.41301017590039,87.06532663316582,36.44526509522438,35.49651414117549,37.39401604927327,87.06532663316582,31.993941593819045,30.85397460347605,33.133908584162036
87.56281407035176,30.65336519917329,29.35061645426542,31.95611394408116,87.56281407035176,32.76149661097429,32.0971968126689,33.425796409279684,87.56281407035176,36.461950302153326,35.50475320041486,37.41914740389179,87.56281407035176,31.99360271655059,30.843487299457053,33.14371813364413
88.06030150753769,30.65541019370238,29.341010869947457,31.969809517457303,88.06030150753769,32.76830203724417,32.09795184510799,33.438652229380345,88.06030150753769,36.478883511208444,35.51312612464947,37.44464089776742,88.06030150753769,31.99411403024128,30.833713045495166,33.154515014987396
88.55778894472361,30.658488027435794,29.33228278378252,31.984693271089068,88.55778894472361,32.775098177570506,32.09861294978502,33.45158340535599,88.55778894472361,36.49607650781895,35.52164469930852,37.47050831632938,88.55778894472361,31.995494141084034,30.824670447783305,33.16631783438476
89.05527638190955,30.66261809221663,29.324451587613712,32.00078459681955,89.05527638190955,32.78189080110693,32.099185895853616,33.46459570636025,89.05527638190955,36.51354107741403,35.53032070982121,37.496761445006854,89.05527638190955,31.997761655271773,30.816378112514396,33.179145198029154
89.55276381909547,30.66781977988796,29.317536673284106,32.01810288649182,89.55276381909547,32.78868567700708,32.099676452467406,33.477694901546755,89.55276381909547,36.5312890054229,35.539165941616744,37.52341206922905,89.55276381909547,32.000935178997416,30.808854645881354,33.19301571211348
90.0502512562814,30.674112482292887,29.3115574326368,32.03666753194897,90.0502512562814,32.795488574424574,32.10009038878002,33.49088676006913,90.0502512562814,36.54933207727475,35.54819218012432,37.55047197442518,90.0502512562814,32.00503331845388,30.802118654077105,33.20794798283066
90.54773869346734,30.681515591274497,29.306533257514886,32.05649792503411,90.54773869346734,32.80230526251303,32.10043347394507,33.504177051080994,90.54773869346734,36.56768207839879,35.55741121077315,37.57795294602443,90.54773869346734,32.0100746798341,30.79618874329457,33.223960616373624
91.04522613065326,30.690048498675882,29.30248353976145,32.07761345759032,91.04522613065326,32.80914151042608,32.10071147711618,33.51757154373598,91.04522613065326,36.58635079422422,35.56683481899242,37.605866769456014,91.04522613065326,32.01607786933098,30.791083519726666,33.241072218935294
91.5427135678392,30.69973059634013,29.299427671219586,32.10003352146068,91.5427135678392,32.81600308731735,32.10093016744699,33.53107600718771,91.5427135678392,36.605350010180246,35.57647479021136,37.634225230149134,91.5427135678392,32.02306149313745,30.786821589566316,33.25930139670858
92.04020100502512,30.710581276110332,29.297385043732376,32.12377750848829,92.04020100502512,32.822895762340465,32.101095314091125,33.544696210589805,92.04020100502512,36.62469151169607,35.58634290985915,37.66304011353299,92.04020100502512,32.03104415744642,30.783421559006435,33.27866675588641
92.53768844221105,30.722619929829577,29.29637504914292,32.14886481051623,92.53768844221105,32.82982530464905,32.101212686202196,33.5584379230959,92.53768844221105,36.64438708420089,35.596450963364994,37.69232320503679,92.53768844221105,32.04004446845082,30.780902034239947,33.299186902661695
93.03517587939699,30.735865949340948,29.296417079294294,32.1753148193876,93.03517587939699,32.83679748339673,32.101288052933846,33.57230691385961,93.03517587939699,36.66444851312392,35.60681073615811,37.722086290089734,93.03517587939699,32.05008103234357,30.77928162145977,33.32088044322737
93.53266331658291,30.75033872648754,29.297530526029597,32.203146926945486,93.53266331658291,32.84381806773713,32.101327183439686,33.58630895203458,93.53266331658291,36.68488758389435,35.61743401366768,37.75234115412102,93.53266331658291,32.06117245531759,30.77857892685883,33.34376598377634
94.03015075376884,30.766057653112448,29.29973478119192,32.23238052503297,94.03015075376884,32.85089282682387,32.10133584687335,33.6004498067744,94.03015075376884,36.70571608194139,35.62833258132292,37.783099582559856,94.03015075376884,32.0733373435658,30.778812556630047,33.36786213050154
94.52763819095478,30.783042121058756,29.30304923662435,32.26303500549316,94.52763819095478,32.8580275298106,32.10131981238846,33.61473524723274,94.52763819095478,36.72694579269424,35.639518224553036,37.81437336083544,94.52763819095478,32.08659430328111,30.780001116966336,33.39318748959588
95.0251256281407,30.801311522169556,29.30749328416998,32.29512976016913,95.0251256281407,32.86522794585091,32.10128484913864,33.62917104256318,95.0251256281407,36.748588501582105,35.65100272878723,37.84617427437698,95.0251256281407,32.100961940656454,30.78216321406062,33.41976066725229
95.52261306532664,30.820885248287937,29.313086315671892,32.328684180903984,95.52261306532664,32.872499844098456,32.10123672627753,33.643762961919386,95.52261306532664,36.77065599403418,35.66279787945469,37.878514108613665,95.52261306532664,32.11645886188475,30.785317454105822,33.44760026966368
96.02010050251256,30.841782691256984,29.31984772297318,32.36371765954079,96.02010050251256,32.879848993706844,32.10118121295873,33.65851677445496,96.02010050251256,36.793160055479674,35.67491546198463,37.91140464897472,96.02010050251256,32.13310367315892,30.78948244329486,33.476724903022976
96.51758793969849,30.86402324291979,29.32779689791693,32.40024958792265,96.51758793969849,32.88728116382971,32.101124078335886,33.67343824932354,96.51758793969849,36.81611247134779,35.68736726180625,37.944857680889335,96.51758793969849,32.15091498067188,30.794676787820656,33.5071531735231
97.01507537688443,30.887626295119446,29.336953232346236,32.43829935789265,97.01507537688443,32.89480212362068,32.101071091562616,33.68853315567874,97.01507537688443,36.83952502706774,35.70016506434876,37.978884989786714,97.01507537688443,32.16991139061655,30.80091909387613,33.53890368735697
97.51256281407035,30.91261123969904,29.347336118104188,32.47788636129389,97.51256281407035,32.902417642233374,32.10102802179256,33.70380726267419,97.51256281407035,36.8634095080687,35.71332065504134,38.013498361096055,97.51256281407035,32.19011150918585,30.808227967654194,33.5719950507175
98.01005025125627,30.938997468501668,29.35896494703388,32.519029989969454,98.01005025125627,32.910133488821415,32.101000638179315,33.719266339463516,98.01005025125627,36.887777699779896,35.726845819313226,38.048709580246566,98.01005025125627,32.21153394257269,30.81662201534777,33.60644586979761
98.50753768844221,30.96680437337041,29.37185911097839,32.56174963576243,98.50753768844221,32.917955432538434,32.100994709876524,33.734916155200345,98.50753768844221,36.91264138763053,35.7407523425936,38.08453043266746,98.50753768844221,32.234197296970024,30.8261198431498,33.64227475079024
99.00502512562814,30.99605134614836,29.386038001780815,32.60606469051591,99.00502512562814,32.92588924253806,32.10101600603782,33.75076247903831,99.00502512562814,36.938012357049786,35.755052010311665,38.120972703787906,99.00502512562814,32.258120178570735,30.836740057253177,33.67950029988829
99.50251256281406,31.026757778678604,29.401521011284242,32.65199454607297,99.50251256281406,32.933940687973916,32.101070295816804,33.76681108013103,99.50251256281406,36.96390239346689,35.76975660789663,38.158048179037145,99.50251256281406,32.28332119356777,30.848501263850846,33.718141123284695
100.0,31.05894306280424,29.418327531331762,32.699558594276716,100.0,32.94211553799962,32.10116334836712,33.783067727632115,100.0,36.99032328231104,35.7848779207777,38.195768643844374,100.0,32.30981894815404,30.861422069135706,33.75821582717237
