arm_x,arm_y,bd3lm_x,bd3lm_y,mdlm_x,mdlm_y,niu_x,niu_y
1.0,26.17,1.0,25.82,1.0,25.32,1.0,26.24
2.0,27.16,2.0,26.39,2.0,26.62,2.0,27.56
3.0,28.04,3.0,26.29,3.0,27.34,3.0,28.27
4.0,28.71,4.0,26.73,4.0,27.76,4.0,29.02
5.0,29.74,5.0,26.89,5.0,28.25,5.0,29.26
6.0,30.35,6.0,27.53,6.0,28.7,6.0,29.81
7.0,30.65,11.0,28.58,7.0,28.87,7.0,30.16
8.0,30.74,12.0,28.05,8.0,28.84,8.0,30.61
9.0,30.84,13.0,28.36,9.0,28.86,9.0,30.73
10.0,31.61,14.0,28.68,10.0,29.81,10.0,31.18
11.0,31.7,15.0,28.9,11.0,30.05,11.0,31.69
12.0,31.88,16.0,29.11,12.0,30.49,12.0,31.53
13.0,31.68,17.0,28.42,13.0,30.32,13.0,31.92
14.0,31.78,18.0,29.05,14.0,30.88,14.0,31.94
15.0,32.23,19.0,29.21,15.0,31.49,15.0,32.14
16.0,31.91,20.0,29.73,16.0,31.09,16.0,32.37
17.0,32.16,21.0,30.0,17.0,31.34,17.0,32.0
18.0,31.98,22.0,29.78,18.0,30.98,18.0,32.44
19.0,32.0,23.0,29.42,19.0,31.19,19.0,32.4
20.0,31.71,24.0,29.56,20.0,32.03,20.0,32.92
21.0,31.7,25.0,29.45,21.0,32.1,21.0,32.78
22.0,32.03,26.0,30.12,22.0,32.0,22.0,32.38
23.0,32.36,27.0,30.46,23.0,32.11,23.0,32.56
24.0,32.13,28.0,30.18,24.0,32.28,24.0,32.76
25.0,32.03,29.0,30.25,25.0,32.38,25.0,32.84
26.0,31.93,30.0,30.67,26.0,32.36,26.0,32.73
27.0,32.22,31.0,30.57,27.0,33.16,27.0,32.54
28.0,32.02,32.0,30.62,28.0,32.98,28.0,32.57
29.0,32.25,33.0,30.69,29.0,32.99,29.0,32.63
30.0,32.23,34.0,31.13,30.0,33.33,30.0,32.84
31.0,32.25,35.0,30.6,31.0,32.87,31.0,32.58
32.0,31.96,36.0,31.15,32.0,33.54,32.0,32.6
33.0,31.77,37.0,30.84,33.0,33.17,33.0,32.54
34.0,32.02,38.0,30.92,34.0,33.74,34.0,33.11
35.0,31.95,39.0,30.78,35.0,33.36,35.0,32.8
36.0,31.61,40.0,31.18,36.0,33.41,36.0,32.58
37.0,32.1,41.0,30.67,37.0,34.56,37.0,33.17
38.0,31.74,42.0,31.64,38.0,33.72,38.0,32.77
39.0,31.72,43.0,31.09,39.0,34.22,39.0,32.58
40.0,31.81,44.0,31.13,40.0,34.21,40.0,32.89
41.0,31.8,45.0,31.63,41.0,34.46,41.0,32.7
42.0,31.57,46.0,31.36,42.0,33.82,42.0,32.83
43.0,32.01,47.0,31.66,43.0,34.08,43.0,32.6
44.0,32.04,48.0,31.77,44.0,33.83,44.0,32.53
45.0,31.66,49.0,31.78,45.0,35.1,45.0,32.57
46.0,32.13,50.0,31.39,46.0,34.6,46.0,32.75
47.0,31.99,51.0,31.15,47.0,34.71,47.0,33.1
48.0,31.6,52.0,31.44,48.0,34.37,48.0,32.57
49.0,31.78,53.0,31.76,49.0,35.13,49.0,32.62
50.0,31.94,54.0,32.12,50.0,34.93,50.0,32.9
51.0,31.68,55.0,31.99,51.0,34.89,51.0,32.79
52.0,31.88,56.0,31.99,52.0,34.88,52.0,32.9
53.0,31.7,57.0,32.06,53.0,34.98,53.0,32.78
54.0,31.83,58.0,32.19,54.0,35.02,54.0,32.61
55.0,31.6,59.0,32.36,55.0,35.34,55.0,32.61
56.0,31.9,60.0,32.19,56.0,35.25,56.0,32.82
57.0,31.58,61.0,32.5,57.0,35.29,57.0,33.0
58.0,31.75,62.0,31.93,58.0,35.37,58.0,32.9
59.0,31.38,63.0,32.76,59.0,35.28,59.0,32.77
60.0,31.51,64.0,32.14,60.0,35.4,60.0,32.81
61.0,31.83,65.0,32.53,61.0,36.11,61.0,32.77
62.0,31.33,66.0,32.16,62.0,35.51,62.0,32.86
63.0,31.44,67.0,32.31,63.0,36.07,63.0,32.8
64.0,31.52,68.0,32.51,64.0,35.91,64.0,32.63
65.0,31.61,69.0,32.39,65.0,35.51,65.0,32.61
66.0,31.41,70.0,32.51,66.0,36.17,66.0,32.84
67.0,31.61,71.0,32.83,67.0,35.84,67.0,32.64
68.0,31.71,72.0,32.7,68.0,36.19,68.0,32.76
69.0,31.42,73.0,32.58,69.0,35.88,69.0,32.38
70.0,31.24,74.0,32.62,70.0,35.47,70.0,32.68
71.0,31.27,75.0,32.71,71.0,36.05,71.0,32.24
72.0,31.41,76.0,32.96,72.0,36.07,72.0,32.2
73.0,31.28,77.0,32.24,73.0,35.7,73.0,32.31
74.0,31.3,78.0,32.94,74.0,36.22,74.0,32.66
75.0,31.23,79.0,32.53,75.0,36.22,75.0,32.55
76.0,31.14,80.0,33.04,76.0,35.7,76.0,32.53
77.0,31.11,81.0,32.72,77.0,36.42,77.0,32.47
78.0,30.83,82.0,32.55,78.0,36.87,78.0,32.46
79.0,30.77,83.0,32.67,79.0,36.64,79.0,32.64
80.0,30.7,84.0,32.82,80.0,36.43,80.0,32.29
81.0,31.04,85.0,32.61,81.0,35.99,81.0,32.39
82.0,30.81,86.0,32.97,82.0,36.63,82.0,32.63
83.0,31.06,87.0,33.19,83.0,36.44,83.0,32.09
84.0,30.66,88.0,32.5,84.0,36.94,84.0,32.04
85.0,30.74,89.0,32.59,85.0,36.64,85.0,32.3
86.0,30.77,90.0,32.92,86.0,37.06,86.0,32.13
87.0,30.62,91.0,33.07,87.0,36.8,87.0,32.08
88.0,30.53,92.0,33.03,88.0,36.95,88.0,32.36
89.0,30.81,93.0,32.61,89.0,36.54,89.0,32.03
90.0,30.78,94.0,32.57,90.0,36.41,90.0,31.96
91.0,30.51,95.0,32.49,91.0,36.45,91.0,32.11
92.0,30.62,96.0,32.57,92.0,36.23,92.0,32.05
93.0,30.63,97.0,33.21,93.0,36.35,93.0,32.09
94.0,30.8,98.0,32.96,94.0,36.46,94.0,31.95
95.0,30.68,99.0,32.73,95.0,36.42,95.0,31.78
96.0,30.74,100.0,32.92,96.0,37.2,96.0,31.85
97.0,30.63,,,97.0,36.86,97.0,31.91
98.0,30.74,,,98.0,36.33,98.0,31.84
99.0,30.69,,,99.0,36.91,99.0,31.86
100.0,30.69,,,100.0,36.49,100.0,31.86
